<?xml version="1.0" encoding="UTF-8"?>
<!DOCTYPE tiles-definitions PUBLIC
      "-//Apache Software Foundation//DTD Tiles Configuration 3.0//EN" 
      "http://tiles.apache.org/dtds/tiles-config_3_0.dtd">


<tiles-definitions>
	<definition name="layouthome" template="/views/layout.jsp">
		<put-attribute name="header" value="/views/header.jsp" />
		<put-attribute name="menu" value="" />
		<put-attribute name="body" value="" />
		<put-attribute name="footer" value="/views/footer.jsp" />
	</definition>
	
	<!-- <definition name="homepage" extends="layouthome">
		<put-attribute name="title" value="hompeage" />
		 <put-attribute name="menu" value="/views/menupage.jsp" /> 
		<put-attribute name="body" value="/views/index.html" />
	</definition>
	
	<definition name="getLoginPage" extends="layouthome">
		<put-attribute name="title" value="hompeage" />
		<put-attribute name="menu" value="/views/menupage.jsp" />
		<put-attribute name="body" value="/views/login.jsp" />
	</definition> -->
	
	<!-- <definition name="transaction" extends="layouthome">
		<put-attribute name="title" value="transaction" />
		<put-attribute name="header" value="/views/header.jsp" />
		<put-attribute name="body" value="/views/transaction.jsp" />
	</definition> -->
		
</tiles-definitions>