<?xml  version="1.0" encoding="UTF-8"?>
<beans xmlns="http://www.springframework.org/schema/beans"
	xmlns:cxf="http://cxf.apache.org/core" xmlns:jaxws="http://cxf.apache.org/jaxws"
	xmlns:jaxrs="http://cxf.apache.org/jaxrs" xmlns:context="http://www.springframework.org/schema/context"
	xmlns:p="http://www.springframework.org/schema/p" xmlns:xsi="http://www.w3.org/2001/XMLSchema-instance"
	xmlns:jee="http://www.springframework.org/schema/jee" xmlns:mvc="http://www.springframework.org/schema/mvc"
	xmlns:tx="http://www.springframework.org/schema/tx" xmlns:aop="http://www.springframework.org/schema/aop"
	xmlns:util="http://www.springframework.org/schema/util" xmlns:beans="http://www.springframework.org/schema/beans"
	xsi:schemaLocation="
		http://cxf.apache.org/core http://cxf.apache.org/schemas/core.xsd
		
		http://cxf.apache.org/jaxrs 	http://cxf.apache.org/schemas/jaxrs.xsd
		http://cxf.apache.org/jaxws 	http://cxf.apache.org/schemas/jaxws.xsd
        http://www.springframework.org/schema/beans   http://www.springframework.org/schema/beans/spring-beans-4.0.xsd
        http://www.springframework.org/schema/context http://www.springframework.org/schema/context/spring-context-4.0.xsd
        http://www.springframework.org/schema/jee     http://www.springframework.org/schema/jee/spring-jee-4.0.xsd
        http://www.springframework.org/schema/mvc     http://www.springframework.org/schema/mvc/spring-mvc-4.0.xsd
        http://www.springframework.org/schema/tx      http://www.springframework.org/schema/tx/spring-tx-4.0.xsd
        http://www.springframework.org/schema/aop     http://www.springframework.org/schema/aop/spring-aop-4.0.xsd
        http://www.springframework.org/schema/util    http://www.springframework.org/schema/util/spring-util-4.0.xsd">
        
        
	<context:component-scan base-package="com.ng" />
	<context:annotation-config/>
    <context:spring-configured/>
	<mvc:annotation-driven/>
	<import resource="classpath:applicationContextCommon.xml"/>
	
 	<import resource="classpath:META-INF/cxf/cxf.xml" />
	<import resource="classpath:META-INF/cxf/cxf-servlet.xml" />

	<cxf:bus>
		<cxf:features>
			<cxf:logging />
		</cxf:features>
	</cxf:bus>
<!--
	<jaxrs:server id="rest" address="/">
		<jaxrs:serviceBeans>
			<ref bean="platformService" />
			<ref bean="pinService" />
			<ref bean="walletService" />
			<ref bean="issuanceService" />
		</jaxrs:serviceBeans>
		<jaxrs:providers>
			<ref bean='jsonProvider' />
		</jaxrs:providers>
	</jaxrs:server> -->
	<bean id="jsonProvider" class="org.codehaus.jackson.jaxrs.JacksonJsonProvider" />
	
<!-- 	<bean id="dataSource" class="com.mchange.v2.c3p0.ComboPooledDataSource"
		p:driverClass="com.mysql.jdbc.Driver" p:jdbcUrl="jdbc:mysql://127.0.0.1:3306/securebankingdeveloper"
		p:user="root" p:password="Dba@2021#">  -->
		 <bean id="dataSource" class="com.mchange.v2.c3p0.ComboPooledDataSource"
		p:driverClass="com.mysql.jdbc.Driver" p:jdbcUrl="jdbc:mysql://172.16.16.8:3306/securebankingdeveloper_tafani"
		p:user="gopal" p:password="gopal@123">  

	 	 <!--  <bean id="dataSource" class="com.mchange.v2.c3p0.ComboPooledDataSource"
		p:driverClass="com.mysql.jdbc.Driver" p:jdbcUrl="jdbc:mysql://172.16.16.8:3306/securebankingdeveloper"
		p:user="gopal" p:password="gopal@123"> 
		
	 <bean id="dataSource" class="com.mchange.v2.c3p0.ComboPooledDataSource"
		p:driverClass="com.mysql.jdbc.Driver" p:jdbcUrl="jdbc:mysql://8.30.246.164:3306/overlay_db"
		p:user="gopal" p:password="gopal@123#!"> -->
		
		<!-- these are C3P0 properties -->
		<property name="acquireIncrement" value="1" />
		<property name="minPoolSize" value="3" />
		<property name="maxPoolSize" value="5" />
		<property name="idleConnectionTestPeriod" value="100" />
	</bean>
	<bean id="entityManagerFactory"
		class="org.springframework.orm.jpa.LocalContainerEntityManagerFactoryBean"
		depends-on="transactionManager">
		<property name="dataSource" ref="dataSource" />
		<property name="persistenceUnitName" value="CUG_DS" />
		<property name="persistenceUnitManager" ref="defaultPersistenceUnitManager" />
	</bean>
	<bean id="defaultPersistenceUnitManager"
		class="org.springframework.orm.jpa.persistenceunit.DefaultPersistenceUnitManager">
		<property name="persistenceXmlLocation" value="classpath:spring-persistence.xml" />
		<property name="defaultDataSource" ref="dataSource" />
	</bean>
	<bean id="transactionManager" class="org.springframework.orm.jpa.JpaTransactionManager">
		<property name="entityManagerFactory" ref="entityManagerFactory" />
	</bean>
	<tx:annotation-driven transaction-manager="transactionManager" />
	<mvc:annotation-driven/>
	

	<bean id="messageSource"
		class="org.springframework.context.support.ReloadableResourceBundleMessageSource">
		<property name="basenames">
			<list>
				<value>classpath:message</value>
				<value>classpath:tafani</value>

			</list>
		</property>
		<property name="useCodeAsDefaultMessage" value="true" />
	</bean>

	<bean id="disabledlable"
		class="org.springframework.context.support.ReloadableResourceBundleMessageSource">
		<property name="basenames">

			<value>classpath:disabledlable</value>
		</property>

	</bean>
	
	
<bean id="localeResolver"
		class="org.springframework.web.servlet.i18n.SessionLocaleResolver">
		<property name="defaultLocale" value="en" />
	</bean>
	<bean id="localeChangeInterceptor" class="org.springframework.web.servlet.i18n.LocaleChangeInterceptor">
    <property name="paramName" value="lang" />
</bean>
<bean class="org.springframework.web.servlet.mvc.annotation.DefaultAnnotationHandlerMapping">
    <property name="interceptors">
        <list>
            <ref bean="localeChangeInterceptor" />
        </list>
    </property>
</bean>
	<bean id="platformLoginData" class="com.ng.sb.common.dataobject.PlatformLoginData"/>

	
	<beans:bean id="textEncryptor"
		class="org.springframework.security.crypto.encrypt.Encryptors"
		factory-method="noOpText" />
	
	
	
<!-- 	<bean id="mailSender" class="org.springframework.mail.javamail.JavaMailSenderImpl">
		<property name="host" value="smtp.gmail.com" />
		<property name="port" value="587" />
		<property name="username" value="telesolutionsnextgen@gmail.com" />
		<property name="password" value="mullah123" />
		
		<property name="javaMailProperties">
			<props>
            	<prop key="mail.smtp.auth">true</prop>
            	<prop key="mail.smtp.starttls.enable">true</prop>
            	  <prop key="mail.smtps.debug">true</prop>
        	</props>
		</property>
		
	</bean>
	
	
	
	<bean id="mailSenderUtil" class="com.ng.sb.common.util.MailSenderUtil">
		<property name="mailSender" ref="mailSender" />
		<property name="simpleMailMessage" ref="customeMailMessage" />
	</bean>
	
	<bean id="customeMailMessage"
		class="org.springframework.mail.SimpleMailMessage">

		<property name="from" value="telesolutionsnextgen@gmail.com" />
		<property name="to" value="telesolutionsnextgen.com" />
		<property name="subject" value="Testing Subject" />
		<property name="text">
		<value>
			<![CDATA[
				Dear %s,
				Mail Content : %s
			]]>
		</value>
	</property>
	</bean> -->
</beans>