<?xml version="1.0" encoding="UTF-8"?>
<beans:beans xmlns="http://www.springframework.org/schema/mvc"
	xmlns:xsi="http://www.w3.org/2001/XMLSchema-instance" xmlns:beans="http://www.springframework.org/schema/beans"
	xmlns:context="http://www.springframework.org/schema/context"
	xmlns:aop="http://www.springframework.org/schema/aop"
	xsi:schemaLocation="
        http://www.springframework.org/schema/beans   http://www.springframework.org/schema/beans/spring-beans-3.2.xsd
        http://www.springframework.org/schema/context http://www.springframework.org/schema/context/spring-context-3.2.xsd
        http://www.springframework.org/schema/jee     http://www.springframework.org/schema/jee/spring-jee-3.2.xsd
        http://www.springframework.org/schema/mvc     http://www.springframework.org/schema/mvc/spring-mvc-3.2.xsd
        http://www.springframework.org/schema/tx      http://www.springframework.org/schema/tx/spring-tx-3.2.xsd
        http://www.springframework.org/schema/aop     http://www.springframework.org/schema/aop/spring-aop-3.2.xsd">
	<aop:aspectj-autoproxy proxy-target-class="true" />
	<context:property-placeholder location="classpath*:*.properties" />
	
	<beans:bean id="tilesConfigurer" class="org.springframework.web.servlet.view.tiles3.TilesConfigurer" lazy-init="false">
		<beans:property name="definitions">
			<beans:list>
				<beans:value>/WEB-INF/tiles_definitions/tiles.xml</beans:value>
			</beans:list>
		</beans:property>
	</beans:bean>
	<!-- ========= views for downloading excel sheet =========== -->
	<beans:bean id="viewResolver1" class="org.springframework.web.servlet.view.ResourceBundleViewResolver">
        <beans:property name="basename" value="views"/>
    </beans:bean>
    <!-- =================== ENDS ======================================== -->
    
	<!-- TILES CONFIGURATION ENDS -->
	
	<beans:bean id="multipartResolver" class="org.springframework.web.multipart.commons.CommonsMultipartResolver">
         <!-- setting maximum upload size -->
        <beans:property name="maxUploadSize" value="200000" />
    </beans:bean>
    
	<beans:bean id="tilesViewResolver"
		class="org.springframework.web.servlet.view.UrlBasedViewResolver">
		<beans:property name="viewClass"
			value="org.springframework.web.servlet.view.tiles3.TilesView" />
	</beans:bean>
	<beans:bean
	class="org.springframework.web.servlet.view.InternalResourceViewResolver">
	<beans:property name="prefix" value="/views/" />
	<beans:property name="suffix" value=".jsp" />
</beans:bean>

	<beans:bean id="localeResolver"
		class="org.springframework.web.servlet.i18n.SessionLocaleResolver">
		<beans:property name="defaultLocale" value="en" />
	</beans:bean>

	<interceptors>
		<beans:bean
			class="org.springframework.web.servlet.i18n.LocaleChangeInterceptor">
			<beans:property name="paramName" value="lang" />
		</beans:bean>
	</interceptors>
	
	
</beans:beans>
